CHR	LEAD_SNP	MinBP	MaxBP
1	rs2000228	72718610	72741382
1	rs7535845	173968516	174991442
2	rs1275923	26911509	26932796
2	rs1518393	57942987	58484172
2	rs13413953	144145478	144263280
2	rs12477961	199375335	199562966
2	rs6435670	212643644	212667493
3	rs9881798	16819939	16876476
3	rs6776699	25090277	25144648
3	rs73082357	48867239	50209053
3	rs818219	85370081	85387310
3	rs604988	107187344	107379837
3	rs11926107	134694436	134729537
4	rs45510500	123026869	123558330
4	rs7674870	138919059	139101201
4	rs1875844	147538064	147538064
5	rs1372504	103682279	104082179
5	rs6861117	109226417	109226417
5	rs6889822	147790860	147856522
6	rs12524341	14711961	14734463
6	rs4587178	98310091	98748005
6	rs67447472	142919009	143072350
7	rs11762545	1899447	2110850
7	rs2189246	82386473	82555669
7	rs2483509	133055082	133734597
8	rs7838901	8251216	11878338
8	rs7827179	123856129	123871036
8	rs1962104	141586125	141704232
9	rs10959812	11267514	11847736
9	rs4977847	23291526	23370987
9	rs1475546	120488996	120534666
9	rs10818400	122655283	122676328
9	rs999483	135301389	135301389
10	rs2093623	10922977	10922977
10	rs11599236	106417957	106560225
11	rs297346	16318535	16382882
11	rs11039154	46952189	47943419
11	rs2514218	113138921	113451229
12	rs61915924	16340300	16420518
12	rs2669170	122154617	122203680
13	rs1572198	58252801	58717504
13	rs78113183	66502640	66724659
13	rs3783007	99090837	99236283
14	rs11158901	71697774	71704254
14	rs2270431	75182937	75377008
16	rs8045174	5785307	5845200
16	rs1559422	71283500	71377311
16	rs11647751	87385045	87536835
16	rs112783727	89703797	89772265
17	rs117995241	43460181	44874453
18	rs4799949	35125113	35204858
18	rs35975470	38773854	38843575
18	rs72918701	49484689	49520609
18	rs17487484	50555931	51055069
18	rs56403421	52714574	53474904
20	rs6030790	41869932	42016520
22	rs926914	41085969	41713111
