CHR	SNP	start_BP	stop_BP
1	rs2000228	72512988	73048522
2	rs377073464	140932485	141266032
2	2:144243977_CA_C	144057444	144364876
2	rs12477961	199317934	199653885
3	rs9857592	16692878	17151126
3	rs12486699	25065129	25351513
3	rs73082357	46946029	52052904
3	rs150221903	107150826	107560269
3	rs4082244	134649207	134755990
4	rs45510500	122870537	123626249
4	4:139091457_CAT_C	138733515	139175327
5	rs6882578	103670314	104119000
5	rs6861117	108664929	109233763
5	rs58746316	147682118	147856522
6	rs9490443	98228178	98896216
6	rs67447472	142677214	143083063
7	7:2060397_CT_C	1812267	2260034
7	rs2483509	132821236	133803962
8	rs7818437	8088230	11896335
8	rs1962104	141537406	142031024
9	rs56116032	10961747	11995517
9	rs9775606	122624675	122676561
9	rs999483	135298675	135301389
10	rs11599236	106385271	106768514
11	rs16932966	16049786	16779416
11	rs2868996	46331362	51579831
11	rs72995548	112834877	113305505
11	rs4309187	113267064	113451229
12	rs61915924	16313384	16423287
12	rs28655666	121925104	122315537
13	rs3843954	58318099	58710258
13	rs3012850	58215142	59208681
13	rs61361413	66346805	66908302
13	rs144511092	99090040	99262567
14	14:71702336_GTA_G	71352456	72219146
14	14:75225369_CAAATAAAT_C	75056894	75672107
16	rs8045174	5785432	5854206
16	rs1559422	71016597	71986073
16	rs1050863	87270478	87610218
17	rs2950706	43399058	44874453
18	rs4799949	35086406	35408205
18	rs766498304	50358109	51055069
18	rs56403421	52717101	52834988
18	rs613872	52835378	53725929
20	rs6103271	41862171	42177113
22	rs765051254	40937725	42234937
