CHR	MinBP	MaxBP	locusnum_LEAD_SNP
3	84964976	85098781	1_rs9836888
4	101463177	101593148	2_rs2651564
4	123026869	123558330	3_rs75595651
5	103682279	104082179	4_rs30266
6	98316558	98591622	5_rs28792186
7	1882795	2110850	6_rs62442924
7	21470536	21552995	7_rs7810841
7	117494829	117631292	8_rs13239186
8	10220412	10268805	9_rs3088186
9	23341715	23370987	10_rs11794152
11	65794458	66060538	11_rs10896076
16	89696438	89716222	12_rs4785699
20	44673546	44747947	13_rs12624433
22	41080566	41404511	14_rs80533
